-- phpMyAdmin SQL Dump
-- version 4.7.0
-- https://www.phpmyadmin.net/
--
-- Host: 127.0.0.1
-- Generation Time: Jun 12, 2019 at 12:37 PM
-- Server version: 10.1.25-MariaDB
-- PHP Version: 5.6.31

SET SQL_MODE = "NO_AUTO_VALUE_ON_ZERO";
SET AUTOCOMMIT = 0;
START TRANSACTION;
SET time_zone = "+00:00";


/*!40101 SET @OLD_CHARACTER_SET_CLIENT=@@CHARACTER_SET_CLIENT */;
/*!40101 SET @OLD_CHARACTER_SET_RESULTS=@@CHARACTER_SET_RESULTS */;
/*!40101 SET @OLD_COLLATION_CONNECTION=@@COLLATION_CONNECTION */;
/*!40101 SET NAMES utf8mb4 */;

--
-- Database: `fantastic_school_admin_db`
--

-- --------------------------------------------------------

--
-- Table structure for table `branch`
--

CREATE TABLE `branch` (
  `id` int(10) UNSIGNED NOT NULL,
  `Name` varchar(40) NOT NULL,
  `AccountNumber` varchar(40) NOT NULL
) ENGINE=InnoDB DEFAULT CHARSET=utf8;

-- --------------------------------------------------------

--
-- Table structure for table `classattendance`
--

CREATE TABLE `classattendance` (
  `id` int(10) UNSIGNED NOT NULL,
  `Subject` int(10) UNSIGNED NOT NULL,
  `Student` int(10) UNSIGNED NOT NULL,
  `RegNo` int(10) UNSIGNED DEFAULT NULL,
  `Class` int(10) UNSIGNED DEFAULT NULL,
  `Stream` int(10) UNSIGNED DEFAULT NULL,
  `Attended` varchar(40) DEFAULT NULL,
  `Date` date DEFAULT NULL
) ENGINE=InnoDB DEFAULT CHARSET=utf8;

-- --------------------------------------------------------

--
-- Table structure for table `classes`
--

CREATE TABLE `classes` (
  `id` int(10) UNSIGNED NOT NULL,
  `Name` varchar(40) NOT NULL
) ENGINE=InnoDB DEFAULT CHARSET=utf8;

--
-- Dumping data for table `classes`
--

INSERT INTO `classes` (`id`, `Name`) VALUES
(1, 'I'),
(2, 'II'),
(3, 'III'),
(4, 'IV'),
(5, 'V'),
(6, 'VI'),
(7, 'VII'),
(8, 'VIII'),
(9, 'IX'),
(10, 'X'),
(11, 'XI'),
(12, 'XII');

-- --------------------------------------------------------

--
-- Table structure for table `events`
--

CREATE TABLE `events` (
  `id` int(10) UNSIGNED NOT NULL,
  `Name` varchar(40) NOT NULL,
  `Date` date NOT NULL,
  `Details` text NOT NULL
) ENGINE=InnoDB DEFAULT CHARSET=utf8;

-- --------------------------------------------------------

--
-- Table structure for table `examcategories`
--

CREATE TABLE `examcategories` (
  `id` int(10) UNSIGNED NOT NULL,
  `Name` varchar(40) NOT NULL
) ENGINE=InnoDB DEFAULT CHARSET=utf8;

-- --------------------------------------------------------

--
-- Table structure for table `examresults`
--

CREATE TABLE `examresults` (
  `id` int(10) UNSIGNED NOT NULL,
  `student` int(10) UNSIGNED NOT NULL,
  `RegNo` int(10) UNSIGNED DEFAULT NULL,
  `Class` int(10) UNSIGNED DEFAULT NULL,
  `Stream` int(10) UNSIGNED DEFAULT NULL,
  `Category` int(10) UNSIGNED DEFAULT NULL,
  `Subject` int(10) UNSIGNED DEFAULT NULL,
  `Marks` int(11) NOT NULL,
  `Term` int(10) UNSIGNED NOT NULL,
  `AcademicYear` int(10) UNSIGNED DEFAULT NULL
) ENGINE=InnoDB DEFAULT CHARSET=utf8;

-- --------------------------------------------------------

--
-- Table structure for table `feescollection`
--

CREATE TABLE `feescollection` (
  `id` int(10) UNSIGNED NOT NULL,
  `Student` int(10) UNSIGNED NOT NULL,
  `Class` int(10) UNSIGNED DEFAULT NULL,
  `Session` int(10) UNSIGNED NOT NULL,
  `PaidAmount` int(11) NOT NULL,
  `Balance` int(10) UNSIGNED DEFAULT NULL,
  `Branch` int(10) UNSIGNED NOT NULL,
  `Date` date DEFAULT NULL,
  `Remarks` varchar(40) DEFAULT NULL
) ENGINE=InnoDB DEFAULT CHARSET=utf8;

-- --------------------------------------------------------

--
-- Table structure for table `hostels`
--

CREATE TABLE `hostels` (
  `id` int(10) UNSIGNED NOT NULL,
  `Name` varchar(40) NOT NULL,
  `Status` varchar(40) NOT NULL
) ENGINE=InnoDB DEFAULT CHARSET=utf8;

-- --------------------------------------------------------

--
-- Table structure for table `membership_grouppermissions`
--

CREATE TABLE `membership_grouppermissions` (
  `permissionID` int(10) UNSIGNED NOT NULL,
  `groupID` int(11) DEFAULT NULL,
  `tableName` varchar(100) DEFAULT NULL,
  `allowInsert` tinyint(4) DEFAULT NULL,
  `allowView` tinyint(4) NOT NULL DEFAULT '0',
  `allowEdit` tinyint(4) NOT NULL DEFAULT '0',
  `allowDelete` tinyint(4) NOT NULL DEFAULT '0'
) ENGINE=InnoDB DEFAULT CHARSET=utf8;

--
-- Dumping data for table `membership_grouppermissions`
--

INSERT INTO `membership_grouppermissions` (`permissionID`, `groupID`, `tableName`, `allowInsert`, `allowView`, `allowEdit`, `allowDelete`) VALUES
(1, 2, 'students', 1, 3, 3, 3),
(2, 2, 'feescollection', 1, 3, 3, 3),
(3, 2, 'branch', 1, 3, 3, 3),
(4, 2, 'teachers', 1, 3, 3, 3),
(5, 2, 'subjects', 1, 3, 3, 3),
(6, 2, 'classes', 1, 3, 3, 3),
(7, 2, 'streams', 1, 3, 3, 3),
(8, 2, 'hostels', 1, 3, 3, 3),
(9, 2, 'timetable', 1, 3, 3, 3),
(10, 2, 'events', 1, 3, 3, 3),
(11, 2, 'notices', 1, 3, 3, 3),
(12, 2, 'examresults', 1, 3, 3, 3),
(13, 2, 'parents', 1, 3, 3, 3),
(14, 2, 'examcategories', 1, 3, 3, 3),
(15, 2, 'sessions', 1, 3, 3, 3),
(16, 2, 'studentcategories', 1, 3, 3, 3),
(17, 2, 'classattendance', 1, 3, 3, 3),
(18, 2, 'fee_structure', 1, 3, 3, 3),
(19, 2, 'fee_structure', 1, 3, 3, 3),
(20, 2, 'fee_structure', 1, 3, 3, 3),
(21, 2, 'schoolmoney', 1, 3, 3, 3),
(40, 3, 'students', 0, 3, 0, 0),
(41, 3, 'feescollection', 0, 3, 0, 0),
(42, 3, 'branch', 1, 3, 0, 0),
(43, 3, 'teachers', 0, 3, 0, 0),
(44, 3, 'subjects', 0, 3, 0, 0),
(45, 3, 'classes', 0, 3, 0, 0),
(46, 3, 'streams', 0, 3, 0, 0),
(47, 3, 'hostels', 0, 3, 0, 0),
(48, 3, 'timetable', 0, 3, 0, 0),
(49, 3, 'events', 1, 3, 0, 0),
(50, 3, 'notices', 0, 3, 0, 0),
(51, 3, 'examresults', 0, 3, 0, 0),
(52, 3, 'parents', 0, 3, 0, 0),
(53, 3, 'examcategories', 0, 3, 0, 0),
(54, 3, 'sessions', 0, 3, 0, 0),
(55, 3, 'studentcategories', 0, 3, 0, 0),
(56, 3, 'classattendance', 0, 3, 0, 0),
(57, 3, 'schoolmoney', 0, 3, 0, 0);

-- --------------------------------------------------------

--
-- Table structure for table `membership_groups`
--

CREATE TABLE `membership_groups` (
  `groupID` int(10) UNSIGNED NOT NULL,
  `name` varchar(20) DEFAULT NULL,
  `description` text,
  `allowSignup` tinyint(4) DEFAULT NULL,
  `needsApproval` tinyint(4) DEFAULT NULL
) ENGINE=InnoDB DEFAULT CHARSET=utf8;

--
-- Dumping data for table `membership_groups`
--

INSERT INTO `membership_groups` (`groupID`, `name`, `description`, `allowSignup`, `needsApproval`) VALUES
(1, 'anonymous', 'Anonymous group created automatically on 2018-05-02', 0, 0),
(2, 'Admins', 'Admin group created automatically on 2018-05-02', 0, 1),
(3, 'users', 'all test users', 1, 0);

-- --------------------------------------------------------

--
-- Table structure for table `membership_userpermissions`
--

CREATE TABLE `membership_userpermissions` (
  `permissionID` int(10) UNSIGNED NOT NULL,
  `memberID` varchar(20) NOT NULL,
  `tableName` varchar(100) DEFAULT NULL,
  `allowInsert` tinyint(4) DEFAULT NULL,
  `allowView` tinyint(4) NOT NULL DEFAULT '0',
  `allowEdit` tinyint(4) NOT NULL DEFAULT '0',
  `allowDelete` tinyint(4) NOT NULL DEFAULT '0'
) ENGINE=InnoDB DEFAULT CHARSET=utf8;

-- --------------------------------------------------------

--
-- Table structure for table `membership_userrecords`
--

CREATE TABLE `membership_userrecords` (
  `recID` bigint(20) UNSIGNED NOT NULL,
  `tableName` varchar(100) DEFAULT NULL,
  `pkValue` varchar(255) DEFAULT NULL,
  `memberID` varchar(20) DEFAULT NULL,
  `dateAdded` bigint(20) UNSIGNED DEFAULT NULL,
  `dateUpdated` bigint(20) UNSIGNED DEFAULT NULL,
  `groupID` int(11) DEFAULT NULL
) ENGINE=InnoDB DEFAULT CHARSET=utf8;

--
-- Dumping data for table `membership_userrecords`
--

INSERT INTO `membership_userrecords` (`recID`, `tableName`, `pkValue`, `memberID`, `dateAdded`, `dateUpdated`, `groupID`) VALUES
(0, 'schoolmoney', '1', 'admin', 1559298979, 1559298997, 2),
(0, 'classes', '1', 'admin', 1560155912, 1560155937, 2),
(0, 'classes', '2', 'admin', 1560155955, 1560155966, 2),
(0, 'classes', '3', 'admin', 1560155978, 1560155978, 2),
(0, 'classes', '4', 'admin', 1560155990, 1560155990, 2),
(0, 'classes', '5', 'admin', 1560155999, 1560155999, 2),
(0, 'classes', '6', 'admin', 1560156007, 1560156007, 2),
(0, 'classes', '7', 'admin', 1560156019, 1560156019, 2),
(0, 'classes', '8', 'admin', 1560156029, 1560156029, 2),
(0, 'classes', '9', 'admin', 1560156045, 1560156045, 2),
(0, 'classes', '10', 'admin', 1560156054, 1560156054, 2),
(0, 'classes', '11', 'admin', 1560156068, 1560156068, 2),
(0, 'classes', '12', 'admin', 1560156077, 1560156077, 2);

-- --------------------------------------------------------

--
-- Table structure for table `membership_users`
--

CREATE TABLE `membership_users` (
  `memberID` varchar(20) NOT NULL,
  `passMD5` varchar(40) DEFAULT NULL,
  `email` varchar(100) DEFAULT NULL,
  `signupDate` date DEFAULT NULL,
  `groupID` int(10) UNSIGNED DEFAULT NULL,
  `isBanned` tinyint(4) DEFAULT NULL,
  `isApproved` tinyint(4) DEFAULT NULL,
  `custom1` text,
  `custom2` text,
  `custom3` text,
  `custom4` text,
  `comments` text,
  `pass_reset_key` varchar(100) DEFAULT NULL,
  `pass_reset_expiry` int(10) UNSIGNED DEFAULT NULL
) ENGINE=InnoDB DEFAULT CHARSET=utf8;

--
-- Dumping data for table `membership_users`
--

INSERT INTO `membership_users` (`memberID`, `passMD5`, `email`, `signupDate`, `groupID`, `isBanned`, `isApproved`, `custom1`, `custom2`, `custom3`, `custom4`, `comments`, `pass_reset_key`, `pass_reset_expiry`) VALUES
('admin', 'af359ab8f3da5f33ffa01f6736e8c02d', 'dhtitkings@gmail.com', '2018-05-02', 2, 0, 1, '', '', '', '', 'Admin member created automatically on 2018-05-02\nRecord updated automatically on 2018-05-03\nmember updated his profile on 05/15/2019, 10:29 am from IP address 61.3.152.235\nRecord updated automatically on 2019-06-10\nRecord updated automatically on 2019-06-10', NULL, NULL),
('guest', NULL, NULL, '2018-05-02', 1, 0, 1, NULL, NULL, NULL, NULL, 'Anonymous member created automatically on 2018-05-02', NULL, NULL);

-- --------------------------------------------------------

--
-- Table structure for table `notices`
--

CREATE TABLE `notices` (
  `id` int(10) UNSIGNED NOT NULL,
  `Name` varchar(40) NOT NULL,
  `Date` date NOT NULL,
  `Details` text NOT NULL,
  `Posted_By` varchar(40) DEFAULT NULL
) ENGINE=InnoDB DEFAULT CHARSET=utf8;

-- --------------------------------------------------------

--
-- Table structure for table `parents`
--

CREATE TABLE `parents` (
  `id` int(10) UNSIGNED NOT NULL,
  `Name` varchar(40) NOT NULL,
  `Phone` varchar(40) NOT NULL,
  `Email` varchar(80) DEFAULT NULL,
  `HomeAddress` varchar(40) DEFAULT NULL
) ENGINE=InnoDB DEFAULT CHARSET=utf8;

-- --------------------------------------------------------

--
-- Table structure for table `schoolmoney`
--

CREATE TABLE `schoolmoney` (
  `id` int(10) UNSIGNED NOT NULL,
  `Class` int(10) UNSIGNED NOT NULL,
  `Particulars` text NOT NULL,
  `Total` decimal(10,2) NOT NULL
) ENGINE=InnoDB DEFAULT CHARSET=utf8;

--
-- Dumping data for table `schoolmoney`
--

INSERT INTO `schoolmoney` (`id`, `Class`, `Particulars`, `Total`) VALUES
(1, 1, 'All fees-15000', '15000.00'),
(0, 2, 'demo', '15000.00');

-- --------------------------------------------------------

--
-- Table structure for table `sessions`
--

CREATE TABLE `sessions` (
  `id` int(10) UNSIGNED NOT NULL,
  `Year` varchar(40) NOT NULL,
  `Term` varchar(40) NOT NULL,
  `status` varchar(40) DEFAULT NULL
) ENGINE=InnoDB DEFAULT CHARSET=utf8;

-- --------------------------------------------------------

--
-- Table structure for table `streams`
--

CREATE TABLE `streams` (
  `id` int(10) UNSIGNED NOT NULL,
  `Name` varchar(40) NOT NULL
) ENGINE=InnoDB DEFAULT CHARSET=utf8;

-- --------------------------------------------------------

--
-- Table structure for table `studentcategories`
--

CREATE TABLE `studentcategories` (
  `id` int(10) UNSIGNED NOT NULL,
  `Name` varchar(40) NOT NULL
) ENGINE=InnoDB DEFAULT CHARSET=utf8;

-- --------------------------------------------------------

--
-- Table structure for table `students`
--

CREATE TABLE `students` (
  `id` int(10) UNSIGNED NOT NULL,
  `FullName` varchar(40) NOT NULL,
  `Gender` varchar(40) NOT NULL,
  `DOB` date NOT NULL,
  `Photo` varchar(40) DEFAULT NULL,
  `RegNo` varchar(128) NOT NULL,
  `Class` int(10) UNSIGNED NOT NULL,
  `Stream` int(10) UNSIGNED DEFAULT NULL,
  `Hostel` int(10) UNSIGNED DEFAULT NULL,
  `DOJ` date NOT NULL,
  `Category` int(10) UNSIGNED DEFAULT NULL,
  `AcademicYear` int(10) UNSIGNED NOT NULL,
  `TotalFees` int(10) UNSIGNED NOT NULL,
  `AdvanceFees` int(11) NOT NULL,
  `Balance` int(11) DEFAULT NULL,
  `Parent` int(10) UNSIGNED DEFAULT NULL
) ENGINE=InnoDB DEFAULT CHARSET=utf8;

-- --------------------------------------------------------

--
-- Table structure for table `subjects`
--

CREATE TABLE `subjects` (
  `id` int(10) UNSIGNED NOT NULL,
  `Name` varchar(40) NOT NULL
) ENGINE=InnoDB DEFAULT CHARSET=utf8;

-- --------------------------------------------------------

--
-- Table structure for table `teachers`
--

CREATE TABLE `teachers` (
  `id` int(10) UNSIGNED NOT NULL,
  `Name` varchar(40) NOT NULL,
  `Gender` varchar(40) NOT NULL,
  `Age` int(11) NOT NULL,
  `Phone` varchar(40) NOT NULL,
  `Email` varchar(80) DEFAULT NULL,
  `StaffNumber` int(11) NOT NULL
) ENGINE=InnoDB DEFAULT CHARSET=utf8;

-- --------------------------------------------------------

--
-- Table structure for table `timetable`
--

CREATE TABLE `timetable` (
  `id` int(10) UNSIGNED NOT NULL,
  `Time_Table` varchar(40) NOT NULL,
  `Class` int(10) UNSIGNED NOT NULL,
  `Stream` int(10) UNSIGNED DEFAULT NULL
) ENGINE=InnoDB DEFAULT CHARSET=utf8;

--
-- Indexes for dumped tables
--

--
-- Indexes for table `branch`
--
ALTER TABLE `branch`
  ADD PRIMARY KEY (`id`);

--
-- Indexes for table `classattendance`
--
ALTER TABLE `classattendance`
  ADD PRIMARY KEY (`id`),
  ADD KEY `Subject` (`Subject`),
  ADD KEY `Student` (`Student`);

--
-- Indexes for table `classes`
--
ALTER TABLE `classes`
  ADD PRIMARY KEY (`id`);

--
-- Indexes for table `events`
--
ALTER TABLE `events`
  ADD PRIMARY KEY (`id`);

--
-- Indexes for table `examcategories`
--
ALTER TABLE `examcategories`
  ADD PRIMARY KEY (`id`);

--
-- Indexes for table `examresults`
--
ALTER TABLE `examresults`
  ADD PRIMARY KEY (`id`),
  ADD KEY `student` (`student`),
  ADD KEY `Category` (`Category`),
  ADD KEY `Subject` (`Subject`),
  ADD KEY `Term` (`Term`);

--
-- Indexes for table `feescollection`
--
ALTER TABLE `feescollection`
  ADD PRIMARY KEY (`id`),
  ADD KEY `Student` (`Student`),
  ADD KEY `Session` (`Session`),
  ADD KEY `Branch` (`Branch`);

--
-- Indexes for table `hostels`
--
ALTER TABLE `hostels`
  ADD PRIMARY KEY (`id`);

--
-- Indexes for table `membership_grouppermissions`
--
ALTER TABLE `membership_grouppermissions`
  ADD PRIMARY KEY (`permissionID`);

--
-- Indexes for table `membership_groups`
--
ALTER TABLE `membership_groups`
  ADD PRIMARY KEY (`groupID`);

--
-- Indexes for table `membership_userpermissions`
--
ALTER TABLE `membership_userpermissions`
  ADD PRIMARY KEY (`permissionID`);

--
-- Indexes for table `membership_userrecords`
--
ALTER TABLE `membership_userrecords`
  ADD UNIQUE KEY `tableName_pkValue` (`tableName`,`pkValue`),
  ADD KEY `pkValue` (`pkValue`),
  ADD KEY `tableName` (`tableName`),
  ADD KEY `memberID` (`memberID`),
  ADD KEY `groupID` (`groupID`);

--
-- Indexes for table `membership_users`
--
ALTER TABLE `membership_users`
  ADD KEY `groupID` (`groupID`);

--
-- Indexes for table `subjects`
--
ALTER TABLE `subjects`
  ADD PRIMARY KEY (`id`);

--
-- AUTO_INCREMENT for dumped tables
--

--
-- AUTO_INCREMENT for table `branch`
--
ALTER TABLE `branch`
  MODIFY `id` int(10) UNSIGNED NOT NULL AUTO_INCREMENT;
--
-- AUTO_INCREMENT for table `classattendance`
--
ALTER TABLE `classattendance`
  MODIFY `id` int(10) UNSIGNED NOT NULL AUTO_INCREMENT;
--
-- AUTO_INCREMENT for table `classes`
--
ALTER TABLE `classes`
  MODIFY `id` int(10) UNSIGNED NOT NULL AUTO_INCREMENT, AUTO_INCREMENT=13;
--
-- AUTO_INCREMENT for table `events`
--
ALTER TABLE `events`
  MODIFY `id` int(10) UNSIGNED NOT NULL AUTO_INCREMENT;
--
-- AUTO_INCREMENT for table `examcategories`
--
ALTER TABLE `examcategories`
  MODIFY `id` int(10) UNSIGNED NOT NULL AUTO_INCREMENT;
--
-- AUTO_INCREMENT for table `examresults`
--
ALTER TABLE `examresults`
  MODIFY `id` int(10) UNSIGNED NOT NULL AUTO_INCREMENT;
--
-- AUTO_INCREMENT for table `feescollection`
--
ALTER TABLE `feescollection`
  MODIFY `id` int(10) UNSIGNED NOT NULL AUTO_INCREMENT;
--
-- AUTO_INCREMENT for table `hostels`
--
ALTER TABLE `hostels`
  MODIFY `id` int(10) UNSIGNED NOT NULL AUTO_INCREMENT;
--
-- AUTO_INCREMENT for table `subjects`
--
ALTER TABLE `subjects`
  MODIFY `id` int(10) UNSIGNED NOT NULL AUTO_INCREMENT;COMMIT;

/*!40101 SET CHARACTER_SET_CLIENT=@OLD_CHARACTER_SET_CLIENT */;
/*!40101 SET CHARACTER_SET_RESULTS=@OLD_CHARACTER_SET_RESULTS */;
/*!40101 SET COLLATION_CONNECTION=@OLD_COLLATION_CONNECTION */;
